"Language","Language2","glotto","xd.id","soc.id","iso3","autotyp.area"
"Abkhazian","Abkhazian","abkh1244","xd577","Ci12","abk","Greater Mesopotamia"
"Afar","Afar","afar1241","xd454","Ca6","aar","Greater Abyssinia"
"Afrikaans","Afrikaans","afri1274","xd537","Cf2","afr","S Africa"
"Amharic","Amharic","amha1245","xd455","Ca7","amh","Greater Abyssinia"
"Armenian","Armenian","nucl1235","xd575","Ci10","hye","Greater Mesopotamia"
"Aymara","Aymara","cent2142","xd1375","Sf2","ayr","Andean"
"Bambara","Bambara","bamb1269","xd244","Ag1","bam","African Savannah"
"Banyumasan","Banyumasan","java1254","xd751","Ib2","jav","Southeast Asia"
"Bashkir","Bashkir","bash1264","xd549","ch12","bak","Inner Asia"
"Belarusian","Belarusian","bela1254","xd570","Ch6","bel","Inner Asia"
"Bengali","Bengali","beng1280","xd664","Ef2","ben","Indic"
"Bulgarian","Bulgarian","bulg1262","xd569","Ch5","bul","Europe"
"Burmese","Burmese","nucl1310","xd709","Ei3","mya","Southeast Asia"
"Cebuano","Cebuano","cebu1242","xd735","Ia12","ceb","Oceania"
"Chamorro","Chamorro","cham1312","xd839","If8","cha","Oceania"
"Chechen","Chechen","chec1245","xd583","Ci7","che","Greater Mesopotamia"
"Cherokee","Cherokee","cher1273","xd1254","Ng5","chr","E North America"
"Cheyenne","Cheyenne","chey1247","xd1224","Ne5","chy","Basin and Plains"
"Chinese","Chinese","mand1415","xd639","Ed10","cmn","Southeast Asia"
"Choctaw","Choctaw","choc1276","xd1247","Ng12","cho","E North America"
"Chuvash","Chuvash","chuv1255","xd551","ch14","chv","Inner Asia"
"Czech","Czech","czec1258","xd567","Ch3","ces","Europe"
"Dutch","Dutch","dutc1256","xd541","Cg1","nld","Europe"
"Eastern Punjabi","Eastern Punjabi","panj1256","xd600","Ea13","pan","Indic"
"Egyptian Arabic","Egyptian Arabic","egyp1253","xd518","Cd2","arz","N Africa"
"English","English","stan1293","xd536","Cf1","eng","Europe"
"Erzya","Erzya","erzy1239","xd552","ch15","myv","Inner Asia"
"Estonian","Estonian","esto1258","xd553","ch16","ekk","Inner Asia"
"French","French","stan1290","xd540","Cf5","fra","Europe"
"Gagauz","Gagauz","gaga1249","xd554","ch17","gag","Europe"
"Guarani","Guarani","east2555","xd1394","Sh7","gui","SE South America"
"Gujarati","Gujarati","guja1252","xd671","Ef9","guj","Indic"
"Haitian","Haitian","hait1244","xd1334","Sb9","hat","Mesoamerica"
"Hausa","Hausa","haus1257","xd475","Cb25","hau","African Savannah"
"Hawaiian","Hawaiian","hawa1245","xd895","Ij6","haw","Oceania"
"Hebrew","Hebrew","hebr1245","xd589","Cj3","heb","Greater Mesopotamia"
"Herero","Herero","here1253","xd10","Ab1","her","S Africa"
"Hungarian","Hungarian","hung1274","xd572","Ch8","hun","Europe"
"Icelandic","Icelandic","icel1247","xd542","Cg2","isl","Europe"
"Igbo","Igbo","nucl1417","xd187","Af10","ibo","African Savannah"
"Inupiak","Inupiak","nort2945","xd1018","Na12","esk","Alaska-Oregon"
"Irish","Irish","iris1253","xd543","Cg3","gle","Europe"
"Japanese","Japanese","nucl1643","xd648","Ed5","jpn","N Coast Asia"
"Javanese","Javanese","java1254","xd751","Ib2","jav","Southeast Asia"
"Kabardian","Kabardian","kaba1278","xd580","Ci4","kbd","Greater Mesopotamia"
"Kabyle","Kabyle","kaby1243","xd522","Cd4","kab","N Africa"
"Kalmyk","Kalmyk","kalm1243","xd574","Ci1","xal","Inner Asia"
"Kanuri","Kanuri","mang1399","xd468","Cb19","kby","African Savannah"
"Kashmiri","Kashmiri","kash1277","xd670","Ef8","kas","Indic"
"Kazakh","Kazakh","kaza1248","xd609","Eb1","kaz","Inner Asia"
"Khmer","Khmer","sout2688","xd727","Ej5","khm","Southeast Asia"
"Kikuyu","Kikuyu","kiku1240","xd109","Ad4","kik","S Africa"
"Kinyarwanda","Kinyarwanda","kiny1244","xd128","Ae10","kin","S Africa"
"Kirundi","Kirundi","rund1242","xd184","Ae8","run","S Africa"
"Kongo","Kongo","sans1272","xd38","Ac14","kwy","S Africa"
"Korean","Korean","kore1280","xd638","Ed1","kor","N Coast Asia"
"Kurdish (Sorani)","Kurdish (Sorani)","cent1972","xd576","Ci11","ckb","Greater Mesopotamia"
"Latin","Latin","lati1261","xd530","Ce3","lat","Europe"
"Latvian","Latvian","latv1249","xd559","ch21","lav","Inner Asia"
"Lingala","Lingala","ling1263","xd147","Ae28","lin","S Africa"
"Lithuanian","Lithuanian","lith1251","xd573","Ch9","lit","Inner Asia"
"Luganda","Luganda","gand1255","xd124","Ad7","lug","S Africa"
"Maithili","Maithili","mait1250","xd662","Ef10","mai","Indic"
"Malay","Malay","mala1479","xd730","Ej8","zlm","Southeast Asia"
"Malayalam","Malayalam","mala1464","xd682","Eg6","mal","Indic"
"Maori","Maori","maor1246","xd891","Ij2","mri","Oceania"
"Meadow Mari","Meadow Mari","east2328","xd568","Ch4","mhr","Inner Asia"
"Minangkabau","Minangkabau","mina1268","xd755","Ib6","min","Southeast Asia"
"Muscogee","Muscogee","cree1270","xd1252","Ng3","mus","E North America"
"Nauruan","Nauruan","naur1243","xd828","If13","nau","Oceania"
"Navajo","Navajo","nava1243","xd1279","Nh3","nav","Basin and Plains"
"Ndonga","Ndonga","ndon1254","xd20","Ab19","ndo","S Africa"
"Neapolitan","Neapolitan","neap1235","xd532","Ce5","nap","Europe"
"Nuosu","Nuosu","sich1238","xd645","Ed2","iii","Southeast Asia"
"Ossetian","Ossetian","osse1243","xd582","Ci6","oss","Greater Mesopotamia"
"Russian","Russian","russ1263","xd548","Ch11","rus","Inner Asia"
"Sakha","Sakha","yaku1245","xd628","Ec2","sah","Inner Asia"
"Samoan","Samoan","samo1305","xd876","Ii1","smo","Oceania"
"Sanskrit","Sanskrit","sans1269","xd665","Ef3","san","Indic"
"Serbian","Serbian","serb1264","xd546","Ch1","srp","Europe"
"Serbo_Croatian","Serbo Croatian","serb1264","xd546","Ch1","srp","Europe"
"Shona","Shona","shon1251","xd19","Ab18","sna","S Africa"
"Sindhi","Sindhi","sind1272","xd596","Ea1","snd","Indic"
"Sinhalese","Sinhalese","sinh1246","xd692","Eh6","sin","Indic"
"Spanish","Spanish","stan1288","xd533","Ce6","spa","Europe"
"Swati","Swati","swat1243","xd21","Ab2","ssw","S Africa"
"Tahitian","Tahitian","tahi1242","xd897","Ij8","tah","Oceania"
"Tamil","Tamil","tami1289","xd678","Eg2","tam","Indic"
"Telugu","Telugu","telu1262","xd673","Eg10","tel","Indic"
"Tetum","Tetum","tetu1245","xd765","Ic3","tet","Oceania"
"Thai","Thai","thai1261","xd731","Ej9","tha","Southeast Asia"
"Tibetan","Tibetan","tibe1272","xd656","Ee4","bod","Inner Asia"
"Tigrinya","Tigrinya","tigr1271","xd437","Ca3","tir","Greater Abyssinia"
"Tongan","Tongan","tong1325","xd878","Ii12","ton","Oceania"
"Tsonga","Tsonga","tson1249","xd27","Ab4","tso","S Africa"
"Tswana","Tswana","tswa1253","xd14","Ab13","tsn","S Africa"
"Tumbuka","Tumbuka","tumb1250","xd62","Ac36","tum","S Africa"
"Turkish","Turkish","nucl1301","xd581","Ci5","tur","Greater Mesopotamia"
"Turkmen","Turkmen","turk1304","xd613","Eb5","tuk","Inner Asia"
"Venda","Venda","vend1245","xd29","Ab6","ven","S Africa"
"Vepsian","Vepsian","veps1250","xd565","ch27","vep","Inner Asia"
"Vietnamese","Vietnamese","viet1252","xd726","Ej4","vie","Southeast Asia"
"Walloon","Walloon","wall1255","xd545","Cg5","wln","Europe"
"Wolof","Wolof","nucl1347","xd469","Cb2","wol","African Savannah"
"Zulu","Zulu","zulu1248","xd13","Ab12","zul","S Africa"
